Predictor variable,Categorical,Sample average
IceCon,false,0.006523028802761336
PrimProd,false,0.009159647671496192
Salinity,false,31.163650217879848
Temp,false,11.186115839902092
