Predictor variable,Categorical,Sample average
bio1,false,250.8108108108108
bio12,false,2718.689189189189
bio16,false,1042.0
bio17,false,306.3918918918919
bio5,false,310.4189189189189
bio6,false,193.28378378378378
bio7,false,117.05405405405405
bio8,false,249.95945945945945
bio9,false,250.8108108108108
